date,source_currency,target_currency,exchange_rate,buy_rate,sell_rate,source
2026-06-30,COP,USD,0.00025,0.000248,0.000252,Fixture
2026-06-30,ARS,USD,0.001,0.00099,0.00101,Fixture
2026-06-30,USD,COP,4000,3960,4040,Fixture
2026-07-01,COP,USD,0.00025,0.000248,0.000252,Fixture
2026-07-01,ARS,USD,0.001,0.00099,0.00101,Fixture
2026-07-01,USD,COP,4000,3960,4040,Fixture
2026-07-02,COP,USD,0.00025,0.000248,0.000252,Fixture
2026-07-02,ARS,USD,0.001,0.00099,0.00101,Fixture
2026-07-02,USD,COP,4000,3960,4040,Fixture
2026-07-03,COP,USD,0.00025,0.000248,0.000252,Fixture
2026-07-03,ARS,USD,0.001,0.00099,0.00101,Fixture
2026-07-03,USD,COP,4000,3960,4040,Fixture
2026-07-04,COP,USD,0.00025,0.000248,0.000252,Fixture
2026-07-04,ARS,USD,0.001,0.00099,0.00101,Fixture
2026-07-04,USD,COP,4000,3960,4040,Fixture
2026-07-05,COP,USD,0.00025,0.000248,0.000252,Fixture
2026-07-05,ARS,USD,0.001,0.00099,0.00101,Fixture
2026-07-05,USD,COP,4000,3960,4040,Fixture
